indicatorId,geoUnit,year,value,qualifier,magnitude
CR.3,ABW,2023,72.64077758789062,,
CR.3,ARM,2023,94.9622802734375,,
CR.3,AZE,2023,82.15354919433594,,
CR.3,BOL,2023,80.75283813476562,,
CR.3,BRA,2023,73.7,,
CR.3,BWA,2023,53.30757141113281,,
CR.3,COL,2023,75.1,,
CR.3,COL,2024,80.34829711914062,,
CR.3,CRI,2023,78.2,,
CR.3,DOM,2023,64.9,,
CR.3,ECU,2023,79.7,,
CR.3,GEO,2023,91.79625701904297,,
CR.3,GMB,2023,31.24684906005859,,
CR.3,"GPE: East Asia & Pacific WB FY24, December 2024",2023,47.09999999999999,,
CR.3,"GPE: East Asia & Pacific WB FY24, December 2024",2024,47.09999999999999,,
CR.3,"GPE: East Asia & Pacific WB FY24, December 2024",2025,47.5,,
CR.3,"GPE: Europe & Central Asia WB FY24, December 2024",2023,93.8,,
CR.3,"GPE: Europe & Central Asia WB FY24, December 2024",2024,94.19999999999999,,
CR.3,"GPE: Europe & Central Asia WB FY24, December 2024",2025,94.6,,
CR.3,"GPE: Fragile or Conflict-affected countries (FCAC) FY24, December 2024",2023,37.4,,
CR.3,"GPE: Fragile or Conflict-affected countries (FCAC) FY24, December 2024",2024,37.9,,
CR.3,"GPE: Fragile or Conflict-affected countries (FCAC) FY24, December 2024",2025,38.5,,
CR.3,"GPE: Latin America & Caribbean WB FY24, December 2024",2023,37,,
CR.3,"GPE: Latin America & Caribbean WB FY24, December 2024",2024,37.7,,
CR.3,"GPE: Latin America & Caribbean WB FY24, December 2024",2025,38.4,,
CR.3,"GPE: Low income WB FY24, December 2024",2023,18.9,,
CR.3,"GPE: Low income WB FY24, December 2024",2024,19.3,,
CR.3,"GPE: Low income WB FY24, December 2024",2025,19.7,,
CR.3,"GPE: Lower middle Income WB FY24, December 2024",2023,44.5,,
CR.3,"GPE: Lower middle Income WB FY24, December 2024",2024,45,,
CR.3,"GPE: Lower middle Income WB FY24, December 2024",2025,45.6,,
CR.3,"GPE: Middle East & North Africa WB FY24, December 2024",2023,41.4,,
CR.3,"GPE: Middle East & North Africa WB FY24, December 2024",2024,42.3,,
CR.3,"GPE: Middle East & North Africa WB FY24, December 2024",2025,43.2,,
CR.3,"GPE: Non Fragile & non Conflict-affected countries (NON-FCAC) FY24, December 2024",2023,37.3,,
CR.3,"GPE: Non Fragile & non Conflict-affected countries (NON-FCAC) FY24, December 2024",2024,37.6,,
CR.3,"GPE: Non Fragile & non Conflict-affected countries (NON-FCAC) FY24, December 2024",2025,38,,
CR.3,"GPE: Overall FY24, all 90 countries, December 2024",2023,37.4,,
CR.3,"GPE: Overall FY24, all 90 countries, December 2024",2024,37.8,,
CR.3,"GPE: Overall FY24, all 90 countries, December 2024",2025,38.3,,
CR.3,"GPE: Small island and landlocked developing states, December 2024",2023,62.6,,
CR.3,"GPE: Small island and landlocked developing states, December 2024",2024,63.6,,
CR.3,"GPE: Small island and landlocked developing states, December 2024",2025,64.60000000000001,,
CR.3,"GPE: South Asia WB FY24, December 2024",2023,32.3,,
CR.3,"GPE: South Asia WB FY24, December 2024",2024,33.3,,
CR.3,"GPE: South Asia WB FY24, December 2024",2025,34.2,,
CR.3,"GPE: Sub-Saharan Africa WB FY24, December 2024",2023,27.6,,
CR.3,"GPE: Sub-Saharan Africa WB FY24, December 2024",2024,28.1,,
CR.3,"GPE: Sub-Saharan Africa WB FY24, December 2024",2025,28.6,,
CR.3,"GPE: Upper middle Income WB FY24, December 2024",2023,55.8,,
CR.3,"GPE: Upper middle Income WB FY24, December 2024",2024,56.49999999999999,,
CR.3,"GPE: Upper middle Income WB FY24, December 2024",2025,57.2,,
CR.3,GTM,2023,47.7,,
CR.3,GTM,2024,23.09317970275879,,
CR.3,HND,2023,33.61722183227539,,
CR.3,HND,2024,40.27423858642578,,
CR.3,JOR,2023,64.57911682128906,,
CR.3,KEN,2024,65.02681732177734,,
CR.3,KGZ,2023,86.35987854003906,,
CR.3,LAO,2023,37.41080093383789,,
CR.3,LSO,2024,40.22864151000977,,
CR.3,MNG,2023,90.3030014038086,,
CR.3,NGA,2024,68.54698181152344,,
CR.3,NRU,2023,48.125,,
CR.3,PAN,2023,74.7,,
CR.3,PER,2023,90.2,,
CR.3,PER,2024,92.6169204711914,,
CR.3,PRI,2023,96.59066772460938,,
CR.3,PRY,2023,72.6,,
CR.3,PRY,2024,71.23367309570312,,
CR.3,SDG: Central and Southern Asia,2023,56.29999923706055,,
CR.3,SDG: Central and Southern Asia,2024,57.40000152587891,,
CR.3,SDG: Eastern and South-Eastern Asia,2023,72.5,,
CR.3,SDG: Eastern and South-Eastern Asia,2024,73.30000305175781,,
CR.3,SDG: Europe and Northern America,2023,89.0999984741211,,
CR.3,SDG: Europe and Northern America,2024,89.30000305175781,,
CR.3,SDG: Landlocked Developing Countries,2023,30.5,,
CR.3,SDG: Landlocked Developing Countries,2024,30.5,,
CR.3,SDG: Latin America and the Caribbean,2023,63.5,,
CR.3,SDG: Latin America and the Caribbean,2024,64.19999694824219,,
CR.3,SDG: Least Developed Countries,2023,22.70000076293945,,
CR.3,SDG: Least Developed Countries,2024,23.20000076293945,,
CR.3,SDG: Northern Africa and Western Asia,2023,58.59999847412109,,
CR.3,SDG: Northern Africa and Western Asia,2024,59.40000152587891,,
CR.3,SDG: Oceania,2023,60.79999923706055,,
CR.3,SDG: Oceania,2024,60.79999923706055,,
CR.3,SDG: Small Island Developing States,2023,42.90000152587891,,
CR.3,SDG: Small Island Developing States,2024,43.09999847412109,,
CR.3,SDG: Sub-Saharan Africa,2023,28.5,,
CR.3,SDG: Sub-Saharan Africa,2024,28.89999961853027,,
CR.3,SDG: World,2023,59,,
CR.3,SDG: World,2024,59.59999847412109,,
CR.3,SEN,2023,15.8010196685791,,
CR.3,SLV,2023,61.4,,
CR.3,TUN,2023,35.62709045410156,,
CR.3,URY,2023,51.7,,
CR.3,URY,2024,55.53794097900391,,
CR.3,USA,2023,92.84526824951172,,
CR.3,VUT,2023,23.08757019042969,,
CR.3,WB: High income (July 2025),2023,89,,
CR.3,WB: High income (July 2025),2024,89.19999694824219,,
CR.3,WB: Low income (July 2025),2023,19.89999961853027,,
CR.3,WB: Low income (July 2025),2024,20.29999923706055,,
CR.3,WB: Lower middle income (July 2025),2023,53.29999923706055,,
CR.3,WB: Lower middle income (July 2025),2024,54.20000076293945,,
CR.3,WB: Upper middle income (July 2025),2023,71.4000015258789,,
CR.3,WB: Upper middle income (July 2025),2024,72.19999694824219,,
CR.3,YEM,2023,36.56673812866211,,
CR.3,ZAF,2023,59.6890983581543,,
CR.3,ZAF,2024,62.21466827392578,,
ODAFLOW.VOLUMESCHOLARSHIP,AFG,2023,18832174,,
ODAFLOW.VOLUMESCHOLARSHIP,AGO,2023,4913372,,
ODAFLOW.VOLUMESCHOLARSHIP,ALB,2023,11325131,,
ODAFLOW.VOLUMESCHOLARSHIP,ARG,2023,3408491,,
ODAFLOW.VOLUMESCHOLARSHIP,ARM,2023,5232840,,
ODAFLOW.VOLUMESCHOLARSHIP,AZE,2023,10276402,,
ODAFLOW.VOLUMESCHOLARSHIP,BDI,2023,4593813,,
ODAFLOW.VOLUMESCHOLARSHIP,BEN,2023,8518080,,
ODAFLOW.VOLUMESCHOLARSHIP,BFA,2023,7844678,,
ODAFLOW.VOLUMESCHOLARSHIP,BGD,2023,39609144,,
ODAFLOW.VOLUMESCHOLARSHIP,BIH,2023,3816201,,
ODAFLOW.VOLUMESCHOLARSHIP,BLR,2023,5580442,,
ODAFLOW.VOLUMESCHOLARSHIP,BLZ,2023,1641302,,
ODAFLOW.VOLUMESCHOLARSHIP,BOL,2023,1351074,,
ODAFLOW.VOLUMESCHOLARSHIP,BRA,2023,24425484,,
ODAFLOW.VOLUMESCHOLARSHIP,BTN,2023,3520422,,
ODAFLOW.VOLUMESCHOLARSHIP,BWA,2023,572615,,
ODAFLOW.VOLUMESCHOLARSHIP,CAF,2023,2038595,,
ODAFLOW.VOLUMESCHOLARSHIP,CHN,2023,23486854,,
ODAFLOW.VOLUMESCHOLARSHIP,CIV,2023,12866126,,
ODAFLOW.VOLUMESCHOLARSHIP,CMR,2023,14004249,,
ODAFLOW.VOLUMESCHOLARSHIP,COD,2023,6408903,,
ODAFLOW.VOLUMESCHOLARSHIP,COG,2023,8092051,,
ODAFLOW.VOLUMESCHOLARSHIP,COL,2023,7753798,,
ODAFLOW.VOLUMESCHOLARSHIP,COM,2023,9892889,,
ODAFLOW.VOLUMESCHOLARSHIP,CPV,2023,2253478,,
ODAFLOW.VOLUMESCHOLARSHIP,CRI,2023,1145872,,
ODAFLOW.VOLUMESCHOLARSHIP,CUB,2023,2097362,,
ODAFLOW.VOLUMESCHOLARSHIP,DJI,2023,2011684,,
ODAFLOW.VOLUMESCHOLARSHIP,DMA,2023,257916,,
ODAFLOW.VOLUMESCHOLARSHIP,DOM,2023,1240466,,
ODAFLOW.VOLUMESCHOLARSHIP,DZA,2023,29144264,,
ODAFLOW.VOLUMESCHOLARSHIP,ECU,2023,3276124,,
ODAFLOW.VOLUMESCHOLARSHIP,EGY,2023,20449992,,
ODAFLOW.VOLUMESCHOLARSHIP,ERI,2023,14494003,,
ODAFLOW.VOLUMESCHOLARSHIP,ETH,2023,22766878,,
ODAFLOW.VOLUMESCHOLARSHIP,FJI,2023,4669824,,
ODAFLOW.VOLUMESCHOLARSHIP,FSM,2023,61520,,
ODAFLOW.VOLUMESCHOLARSHIP,GAB,2023,3821058,,
ODAFLOW.VOLUMESCHOLARSHIP,GEO,2023,7126118,,
ODAFLOW.VOLUMESCHOLARSHIP,GHA,2023,13779504,,
ODAFLOW.VOLUMESCHOLARSHIP,GIN,2023,12502989,,
ODAFLOW.VOLUMESCHOLARSHIP,GMB,2023,8906923,,
ODAFLOW.VOLUMESCHOLARSHIP,GNB,2023,3520028,,
ODAFLOW.VOLUMESCHOLARSHIP,GNQ,2023,219939,,
ODAFLOW.VOLUMESCHOLARSHIP,GRD,2023,23512,,
ODAFLOW.VOLUMESCHOLARSHIP,GTM,2023,2992775,,
ODAFLOW.VOLUMESCHOLARSHIP,GUY,2023,1653930,,
ODAFLOW.VOLUMESCHOLARSHIP,HND,2023,1099318,,
ODAFLOW.VOLUMESCHOLARSHIP,HTI,2023,6891842,,
ODAFLOW.VOLUMESCHOLARSHIP,IDN,2023,60732796,,
ODAFLOW.VOLUMESCHOLARSHIP,IND,2023,59634404,,
ODAFLOW.VOLUMESCHOLARSHIP,IRN,2023,31314996,,
ODAFLOW.VOLUMESCHOLARSHIP,IRQ,2023,11458669,,
ODAFLOW.VOLUMESCHOLARSHIP,JAM,2023,407439,,
ODAFLOW.VOLUMESCHOLARSHIP,JOR,2023,21729904,,
ODAFLOW.VOLUMESCHOLARSHIP,KAZ,2023,19410804,,
ODAFLOW.VOLUMESCHOLARSHIP,KEN,2023,10825448,,
ODAFLOW.VOLUMESCHOLARSHIP,KGZ,2023,12642797,,
ODAFLOW.VOLUMESCHOLARSHIP,KHM,2023,19276238,,
ODAFLOW.VOLUMESCHOLARSHIP,KIR,2023,2401387,,
ODAFLOW.VOLUMESCHOLARSHIP,LAO,2023,12057022,,
ODAFLOW.VOLUMESCHOLARSHIP,LBN,2023,12503148,,
ODAFLOW.VOLUMESCHOLARSHIP,LBR,2023,5788864,,
ODAFLOW.VOLUMESCHOLARSHIP,LBY,2023,6924726,,
ODAFLOW.VOLUMESCHOLARSHIP,LCA,2023,100162,,
ODAFLOW.VOLUMESCHOLARSHIP,LKA,2023,12573232,,
ODAFLOW.VOLUMESCHOLARSHIP,LSO,2023,224674,,
ODAFLOW.VOLUMESCHOLARSHIP,MAR,2023,31248628,,
ODAFLOW.VOLUMESCHOLARSHIP,MDA,2023,53131232,,
ODAFLOW.VOLUMESCHOLARSHIP,MDG,2023,4832993,,
ODAFLOW.VOLUMESCHOLARSHIP,MDV,2023,3414316,,
ODAFLOW.VOLUMESCHOLARSHIP,MEX,2023,6975477,,
ODAFLOW.VOLUMESCHOLARSHIP,MHL,2023,118273,,
ODAFLOW.VOLUMESCHOLARSHIP,MKD,2023,2998024,,
ODAFLOW.VOLUMESCHOLARSHIP,MLI,2023,8402135,,
ODAFLOW.VOLUMESCHOLARSHIP,MMR,2023,13744472,,
ODAFLOW.VOLUMESCHOLARSHIP,MNE,2023,1772764,,
ODAFLOW.VOLUMESCHOLARSHIP,MNG,2023,13060323,,
ODAFLOW.VOLUMESCHOLARSHIP,MOZ,2023,3571236,,
ODAFLOW.VOLUMESCHOLARSHIP,MRT,2023,3316311,,
ODAFLOW.VOLUMESCHOLARSHIP,MUS,2023,1277372,,
ODAFLOW.VOLUMESCHOLARSHIP,MWI,2023,1855238,,
ODAFLOW.VOLUMESCHOLARSHIP,MYS,2023,8114094,,
ODAFLOW.VOLUMESCHOLARSHIP,NAM,2023,545226,,
ODAFLOW.VOLUMESCHOLARSHIP,NER,2023,4111692,,
ODAFLOW.VOLUMESCHOLARSHIP,NGA,2023,18163812,,
ODAFLOW.VOLUMESCHOLARSHIP,NIC,2023,421342,,
ODAFLOW.VOLUMESCHOLARSHIP,NIU,2023,278694,,
ODAFLOW.VOLUMESCHOLARSHIP,NPL,2023,12507228,,
ODAFLOW.VOLUMESCHOLARSHIP,NRU,2023,1239561,,
ODAFLOW.VOLUMESCHOLARSHIP,PAK,2023,36735400,,
ODAFLOW.VOLUMESCHOLARSHIP,PAN,2023,1038130,,
ODAFLOW.VOLUMESCHOLARSHIP,PER,2023,3262781,,
ODAFLOW.VOLUMESCHOLARSHIP,PHL,2023,26139764,,
ODAFLOW.VOLUMESCHOLARSHIP,PLW,2023,67537,,
ODAFLOW.VOLUMESCHOLARSHIP,PNG,2023,10348845,,
ODAFLOW.VOLUMESCHOLARSHIP,PRK,2023,970432,,
ODAFLOW.VOLUMESCHOLARSHIP,PRY,2023,2550565,,
ODAFLOW.VOLUMESCHOLARSHIP,PSE,2023,21240188,,
ODAFLOW.VOLUMESCHOLARSHIP,RWA,2023,6620466,,
ODAFLOW.VOLUMESCHOLARSHIP,SDN,2023,14212321,,
ODAFLOW.VOLUMESCHOLARSHIP,SEN,2023,13132070,,
ODAFLOW.VOLUMESCHOLARSHIP,SLB,2023,5838284,,
ODAFLOW.VOLUMESCHOLARSHIP,SLE,2023,4607452,,
ODAFLOW.VOLUMESCHOLARSHIP,SLV,2023,1371028,,
ODAFLOW.VOLUMESCHOLARSHIP,SOM,2023,8877583,,
ODAFLOW.VOLUMESCHOLARSHIP,SRB,2023,7725216,,
ODAFLOW.VOLUMESCHOLARSHIP,SSD,2023,3436933,,
ODAFLOW.VOLUMESCHOLARSHIP,STP,2023,1237658,,
ODAFLOW.VOLUMESCHOLARSHIP,SUR,2023,416719,,
ODAFLOW.VOLUMESCHOLARSHIP,SWZ,2023,1541791,,
ODAFLOW.VOLUMESCHOLARSHIP,SYR,2023,32660056,,
ODAFLOW.VOLUMESCHOLARSHIP,TCD,2023,7076355,,
ODAFLOW.VOLUMESCHOLARSHIP,TGO,2023,5019838,,
ODAFLOW.VOLUMESCHOLARSHIP,THA,2023,11303278,,
ODAFLOW.VOLUMESCHOLARSHIP,TJK,2023,5060798,,
ODAFLOW.VOLUMESCHOLARSHIP,TKL,2023,1178,,
ODAFLOW.VOLUMESCHOLARSHIP,TKM,2023,1894273,,
ODAFLOW.VOLUMESCHOLARSHIP,TLS,2023,5018723,,
ODAFLOW.VOLUMESCHOLARSHIP,TON,2023,3160540,,
ODAFLOW.VOLUMESCHOLARSHIP,TUN,2023,20473268,,
ODAFLOW.VOLUMESCHOLARSHIP,TUR,2023,23715006,,
ODAFLOW.VOLUMESCHOLARSHIP,TUV,2023,1460779,,
ODAFLOW.VOLUMESCHOLARSHIP,TZA,2023,8419280,,
ODAFLOW.VOLUMESCHOLARSHIP,UGA,2023,6741372,,
ODAFLOW.VOLUMESCHOLARSHIP,UKR,2023,51681024,,
ODAFLOW.VOLUMESCHOLARSHIP,UZB,2023,11327283,,
ODAFLOW.VOLUMESCHOLARSHIP,VCT,2023,23334,,
ODAFLOW.VOLUMESCHOLARSHIP,VEN,2023,1606817,,
ODAFLOW.VOLUMESCHOLARSHIP,VNM,2023,20887468,,
ODAFLOW.VOLUMESCHOLARSHIP,VUT,2023,3079368,,
ODAFLOW.VOLUMESCHOLARSHIP,WSM,2023,8379053,,
ODAFLOW.VOLUMESCHOLARSHIP,YEM,2023,25965632,,
ODAFLOW.VOLUMESCHOLARSHIP,ZAF,2023,4918893,,
ODAFLOW.VOLUMESCHOLARSHIP,ZMB,2023,3047159,,
ODAFLOW.VOLUMESCHOLARSHIP,ZWE,2023,1917744,,
XGOVEXP.IMF,AGO,2023,7.738962509912019,,
XGOVEXP.IMF,AGO,2024,6.36976605603197,,
XGOVEXP.IMF,AGO,2025,6.524646543748751,,
XGOVEXP.IMF,AIA,2023,12.97385720863458,,
XGOVEXP.IMF,AIA,2024,10.2872343982428,,
XGOVEXP.IMF,ALB,2023,10.85657978057861,,
XGOVEXP.IMF,AND,2023,11.62092018127441,,
XGOVEXP.IMF,AND,2024,12.00451540811257,,
XGOVEXP.IMF,AND,2025,12.12907962336176,,
XGOVEXP.IMF,ARG,2023,13.96695794692157,,
XGOVEXP.IMF,ARM,2023,9.03689956665039,,
XGOVEXP.IMF,ARM,2024,9.440014663011535,,
XGOVEXP.IMF,ARM,2025,8.708362807732591,,
XGOVEXP.IMF,ATG,2023,8.669606644639806,,
XGOVEXP.IMF,ATG,2024,11.03589805478581,,
XGOVEXP.IMF,ATG,2025,5.870046190306808,,
XGOVEXP.IMF,AZE,2023,11.18455028533936,,
XGOVEXP.IMF,AZE,2024,11.44960076291508,,
XGOVEXP.IMF,AZE,2025,11.92361606564979,,
XGOVEXP.IMF,BDI,2025,14.40420967990766,,
XGOVEXP.IMF,BEN,2023,15.797556817439,,
XGOVEXP.IMF,BEN,2024,17.96803182192264,,
XGOVEXP.IMF,BEN,2025,18.02168943239186,,
XGOVEXP.IMF,BFA,2023,20.2971969686914,,
XGOVEXP.IMF,BGD,2023,13.00122481669384,,
XGOVEXP.IMF,BGD,2024,11.99301640226573,,
XGOVEXP.IMF,BGD,2025,11.88343789209536,,
XGOVEXP.IMF,BHR,2023,7.724914375449581,,
XGOVEXP.IMF,BHR,2024,8.7409747478851,,
XGOVEXP.IMF,BHR,2025,8.336649790977546,,
XGOVEXP.IMF,BHS,2023,11.59723907553566,,
XGOVEXP.IMF,BHS,2024,10.84636552563694,,
XGOVEXP.IMF,BHS,2025,10.61935778028382,,
XGOVEXP.IMF,BLR,2023,12.28238010406494,,
XGOVEXP.IMF,BLR,2024,13.18033027648926,,
XGOVEXP.IMF,BLZ,2023,18.53170967102051,,
XGOVEXP.IMF,BLZ,2024,18.9034569346512,,
XGOVEXP.IMF,BOL,2023,10.8,,
XGOVEXP.IMF,BOL,2024,10.8300258323982,,
XGOVEXP.IMF,BRB,2023,12.4731502532959,,
XGOVEXP.IMF,BRB,2024,11.83971733960862,,
XGOVEXP.IMF,BRB,2025,14.18753028909637,,
XGOVEXP.IMF,BTN,2023,19.19111061096191,,
XGOVEXP.IMF,BTN,2024,17.17575353471745,,
XGOVEXP.IMF,BTN,2025,22.21658285838583,,
XGOVEXP.IMF,CAF,2023,9.993928156111604,,
XGOVEXP.IMF,CHN,2023,11.90557956695557,,
XGOVEXP.IMF,CIV,2023,15.94645977020264,,
XGOVEXP.IMF,CIV,2024,17.62277030944824,,
XGOVEXP.IMF,CMR,2023,13.08295109449348,,
XGOVEXP.IMF,CMR,2024,13.83037652518901,,
XGOVEXP.IMF,COG,2023,14.72915282472632,,
XGOVEXP.IMF,COK,2023,9.890009880065918,,
XGOVEXP.IMF,COK,2024,10.00774955749512,,
XGOVEXP.IMF,COK,2025,9.218310171598645,,
XGOVEXP.IMF,COM,2023,11.0260827119111,,
XGOVEXP.IMF,COM,2024,9.933377655502706,,
XGOVEXP.IMF,COM,2025,11.5249869145813,,
XGOVEXP.IMF,CPV,2023,14.70472311499097,,
XGOVEXP.IMF,CPV,2024,13.40885595218155,,
XGOVEXP.IMF,CUW,2023,16.23445339008584,,
XGOVEXP.IMF,CUW,2024,16.43770724774988,,
XGOVEXP.IMF,DMA,2023,6.412836916666667,,
XGOVEXP.IMF,DMA,2024,7.090665076051297,,
XGOVEXP.IMF,DMA,2025,5.795215073757283,,
XGOVEXP.IMF,DOM,2023,20.55798350419906,,
XGOVEXP.IMF,DOM,2024,21.86369775622919,,
XGOVEXP.IMF,DOM,2025,20.87487703846294,,
XGOVEXP.IMF,DZA,2023,13.26102322941753,,
XGOVEXP.IMF,DZA,2024,23.55818939208984,,
XGOVEXP.IMF,DZA,2025,15.54267859875497,,
XGOVEXP.IMF,ECU,2023,9.681559562683105,,
XGOVEXP.IMF,ECU,2024,9.705710411071777,,
XGOVEXP.IMF,ECU,2025,15.48744688763291,,
XGOVEXP.IMF,ETH,2023,18.33261773450317,,
XGOVEXP.IMF,ETH,2024,16.6954473535013,,
XGOVEXP.IMF,FJI,2023,14.62911048479398,,
XGOVEXP.IMF,FJI,2024,14.70003561495398,,
XGOVEXP.IMF,FJI,2025,13.78734622144112,,
XGOVEXP.IMF,GAB,2023,13.56582336675369,,
XGOVEXP.IMF,GEO,2023,12.49619007110596,,
XGOVEXP.IMF,GEO,2024,12.20669414726865,,
XGOVEXP.IMF,GIB,2023,7.937872532645245,,
XGOVEXP.IMF,GIB,2024,9.4819334929474,,
XGOVEXP.IMF,GIB,2025,8.553403013133716,,
XGOVEXP.IMF,GIN,2023,10.02691827598385,,
XGOVEXP.IMF,GIN,2024,9.293803501818514,,
XGOVEXP.IMF,GIN,2025,9.19920752373365,,
XGOVEXP.IMF,GMB,2023,18.69554957290834,,
XGOVEXP.IMF,GMB,2024,15.10347217915986,,
XGOVEXP.IMF,GMB,2025,14.21133143116702,,
XGOVEXP.IMF,"GPE: East Asia & Pacific WB FY24, December 2024",2023,11.74246788024902,UIS_EST,
XGOVEXP.IMF,"GPE: East Asia & Pacific WB FY24, December 2024",2024,13.32392883300781,UIS_EST,
XGOVEXP.IMF,"GPE: Europe & Central Asia WB FY24, December 2024",2023,16.88652992248535,UIS_EST,
XGOVEXP.IMF,"GPE: Europe & Central Asia WB FY24, December 2024",2024,15.96475982666016,UIS_EST,
XGOVEXP.IMF,"GPE: Fragile or Conflict-affected countries (FCAC) FY24, December 2024",2023,12.59236526489258,UIS_EST,
XGOVEXP.IMF,"GPE: High income WB FY24, December 2024",2025,7.236435890197754,UIS_EST,
XGOVEXP.IMF,"GPE: Latin America & Caribbean WB FY24, December 2024",2023,12.85546493530273,UIS_EST,
XGOVEXP.IMF,"GPE: Latin America & Caribbean WB FY24, December 2024",2024,13.26925182342529,UIS_EST,
XGOVEXP.IMF,"GPE: Latin America & Caribbean WB FY24, December 2024",2025,12.74812984466553,UIS_EST,
XGOVEXP.IMF,"GPE: Low income WB FY24, December 2024",2023,15.83069038391113,UIS_EST,
XGOVEXP.IMF,"GPE: Lower middle Income WB FY24, December 2024",2023,13.70423793792725,UIS_EST,
XGOVEXP.IMF,"GPE: Lower middle Income WB FY24, December 2024",2024,13.40885639190674,UIS_EST,
XGOVEXP.IMF,"GPE: Middle East & North Africa WB FY24, December 2024",2024,12.10384750366211,UIS_EST,
XGOVEXP.IMF,"GPE: Non Fragile & non Conflict-affected countries (NON-FCAC) FY24, December 2024",2023,14.5516300201416,UIS_EST,
XGOVEXP.IMF,"GPE: Non Fragile & non Conflict-affected countries (NON-FCAC) FY24, December 2024",2024,13.81282234191895,UIS_EST,
XGOVEXP.IMF,"GPE: Overall FY24, all 90 countries, December 2024",2023,13.72319793701172,UIS_EST,
XGOVEXP.IMF,"GPE: Overall FY24, all 90 countries, December 2024",2024,13.80361366271973,UIS_EST,
XGOVEXP.IMF,"GPE: Small island and landlocked developing states, December 2024",2023,14.18563461303711,UIS_EST,
XGOVEXP.IMF,"GPE: Small island and landlocked developing states, December 2024",2024,14.18394470214844,UIS_EST,
XGOVEXP.IMF,"GPE: Small island and landlocked developing states, December 2024",2025,12.68750381469727,UIS_EST,
XGOVEXP.IMF,"GPE: South Asia WB FY24, December 2024",2023,13.00122451782227,UIS_EST,
XGOVEXP.IMF,"GPE: South Asia WB FY24, December 2024",2024,11.26471042633057,UIS_EST,
XGOVEXP.IMF,"GPE: South Asia WB FY24, December 2024",2025,10.75123119354248,UIS_EST,
XGOVEXP.IMF,"GPE: Sub-Saharan Africa WB FY24, December 2024",2023,14.82360458374023,UIS_EST,
XGOVEXP.IMF,"GPE: Sub-Saharan Africa WB FY24, December 2024",2024,15.10347175598145,UIS_EST,
XGOVEXP.IMF,"GPE: Upper middle Income WB FY24, December 2024",2023,11.67769432067871,UIS_EST,
XGOVEXP.IMF,"GPE: Upper middle Income WB FY24, December 2024",2024,12.41678619384766,UIS_EST,
XGOVEXP.IMF,"GPE: Upper middle Income WB FY24, December 2024",2025,12.41678619384766,UIS_EST,
XGOVEXP.IMF,GRD,2023,16.71856867050965,,
XGOVEXP.IMF,GRD,2024,14.51909423757452,,
XGOVEXP.IMF,GRD,2025,11.44521842236645,,
XGOVEXP.IMF,GTM,2023,22.63916015625,,
XGOVEXP.IMF,GTM,2024,22.9936695098877,,
XGOVEXP.IMF,GTM,2025,17.26967653076987,,
XGOVEXP.IMF,GUY,2025,7.236435850470511,,
XGOVEXP.IMF,HKG,2023,13.18148040771484,,
XGOVEXP.IMF,HKG,2024,15.74114036560059,,
XGOVEXP.IMF,HTI,2023,11.23081088448598,,
XGOVEXP.IMF,HTI,2024,13.01935627097854,,
XGOVEXP.IMF,HTI,2025,13.17852268948353,,
XGOVEXP.IMF,IDN,2025,10.5571024660163,,
XGOVEXP.IMF,JAM,2024,17.86577033996582,,
XGOVEXP.IMF,JOR,2023,11.55861289402402,,
XGOVEXP.IMF,JOR,2024,11.71845606271871,,
XGOVEXP.IMF,KAZ,2023,20.79612922668457,,
XGOVEXP.IMF,KAZ,2024,21.95535386566118,,
XGOVEXP.IMF,KEN,2023,24.99424813407208,,
XGOVEXP.IMF,KEN,2024,27.92465549914242,,
XGOVEXP.IMF,KEN,2025,28.54065464864895,,
XGOVEXP.IMF,KGZ,2023,22.10962153337157,,
XGOVEXP.IMF,KGZ,2024,19.64759166999856,,
XGOVEXP.IMF,KHM,2023,12.01438511188561,,
XGOVEXP.IMF,KHM,2024,11.23393228785298,,
XGOVEXP.IMF,KHM,2025,11.55124635662714,,
XGOVEXP.IMF,KIR,2023,21.6432047478521,,
XGOVEXP.IMF,KIR,2024,20.11529243045446,,
XGOVEXP.IMF,KNA,2023,9.075799049679418,,
XGOVEXP.IMF,KNA,2024,10.20318256581093,,
XGOVEXP.IMF,KNA,2025,11.00218222628169,,
XGOVEXP.IMF,KWT,2023,12.57962268366565,,
XGOVEXP.IMF,KWT,2024,12.68860989089407,,
XGOVEXP.IMF,KWT,2025,13.84522093260029,,
XGOVEXP.IMF,LAO,2023,9.803671883860723,,
XGOVEXP.IMF,LAO,2024,8.241551313701287,,
XGOVEXP.IMF,LBN,2024,6.113990880418318,,
XGOVEXP.IMF,LBN,2025,8.59284340785173,,
XGOVEXP.IMF,LCA,2023,11.99497985839844,,
XGOVEXP.IMF,LCA,2024,13.84879365079365,,
XGOVEXP.IMF,LCA,2025,12.7481294348599,,
XGOVEXP.IMF,LKA,2023,8.67846709056539,,
XGOVEXP.IMF,LKA,2024,7.222699914015478,,
XGOVEXP.IMF,LSO,2023,10.99967960836137,,
XGOVEXP.IMF,LSO,2024,10.37344398340249,,
XGOVEXP.IMF,MAC,2023,12.37901020050049,,
XGOVEXP.IMF,MAR,2023,22.82552009868947,,
XGOVEXP.IMF,MAR,2024,23.27887880123122,,
XGOVEXP.IMF,MCO,2023,7.732029914855957,,
XGOVEXP.IMF,MDA,2023,16.88652992248535,,
XGOVEXP.IMF,MDA,2024,15.96476004511937,,
XGOVEXP.IMF,MDV,2023,10.6328052020158,,
XGOVEXP.IMF,MDV,2024,10.7169075614071,,
XGOVEXP.IMF,MDV,2025,9.64509696301341,,
XGOVEXP.IMF,MLI,2023,19.12176917699192,,
XGOVEXP.IMF,MLI,2024,17.82390310875428,,
XGOVEXP.IMF,MNG,2023,11.47054958343506,,
XGOVEXP.IMF,MNG,2024,13.7768497467041,,
XGOVEXP.IMF,MRT,2023,18.88887977600098,,
XGOVEXP.IMF,MRT,2024,32.04241943359375,,
XGOVEXP.IMF,MSR,2023,5.706099744484784,,
XGOVEXP.IMF,MSR,2024,7.681621653560502,,
XGOVEXP.IMF,MSR,2025,5.732380504573203,,
XGOVEXP.IMF,MUS,2023,15.60272979736328,,
XGOVEXP.IMF,MUS,2024,14.19141960144043,,
XGOVEXP.IMF,MWI,2023,16,,
XGOVEXP.IMF,MWI,2024,16,,
XGOVEXP.IMF,MYS,2023,14.10052013397217,,
XGOVEXP.IMF,NAM,2024,25.05161754418782,,
XGOVEXP.IMF,NAM,2025,24.5766531675005,,
XGOVEXP.IMF,NER,2023,12.80697460445993,,
XGOVEXP.IMF,NGA,2023,3.647272502361618,,
XGOVEXP.IMF,NGA,2024,2.978497053240286,,
XGOVEXP.IMF,NIC,2023,17.68857002258301,,
XGOVEXP.IMF,NIC,2024,11.0127834019803,,
XGOVEXP.IMF,NIU,2023,6.905197500061758,,
XGOVEXP.IMF,NIU,2024,5.898247248255803,,
XGOVEXP.IMF,NIU,2025,5.595122964916303,,
XGOVEXP.IMF,NPL,2023,13.08261800001422,,
XGOVEXP.IMF,NPL,2024,11.26471041677373,,
XGOVEXP.IMF,NPL,2025,10.75123083737673,,
XGOVEXP.IMF,NRU,2023,4.887340068817139,,
XGOVEXP.IMF,NRU,2024,5.332952474699093,,
XGOVEXP.IMF,NRU,2025,6.648166447342064,,
XGOVEXP.IMF,NZL,2023,12.72667980194092,,
XGOVEXP.IMF,PAK,2023,9.755060195922852,,
XGOVEXP.IMF,PAN,2023,11.49275016784668,,
XGOVEXP.IMF,PAN,2024,16.28029529819786,,
XGOVEXP.IMF,PER,2023,18.85771942138672,,
XGOVEXP.IMF,PER,2024,19.21258926391602,,
XGOVEXP.IMF,PHL,2023,16.72798407365224,,
XGOVEXP.IMF,PHL,2024,16.5494857826479,,
XGOVEXP.IMF,PHL,2025,15.19523769793731,,
XGOVEXP.IMF,PLW,2023,9.774554959474699,,
XGOVEXP.IMF,PNG,2023,3.538144028340903,,
XGOVEXP.IMF,PRI,2023,17.48579322163896,,
XGOVEXP.IMF,PRI,2024,17.14709964001305,,
XGOVEXP.IMF,PRI,2025,15.96182324531561,,
XGOVEXP.IMF,PRK,2023,15.07750117426022,,
XGOVEXP.IMF,PRK,2024,13.67651538227231,,
XGOVEXP.IMF,PRK,2025,14.62509279881218,,
XGOVEXP.IMF,PRY,2023,21.98883056640625,,
XGOVEXP.IMF,PRY,2024,22.36845016479492,,
XGOVEXP.IMF,PRY,2025,11.65273918624118,,
XGOVEXP.IMF,RWA,2023,15.02464008331299,,
XGOVEXP.IMF,RWA,2024,14.19097995758057,,
XGOVEXP.IMF,RWA,2025,13.93121386267377,,
XGOVEXP.IMF,SAU,2023,16.23306047275168,,
XGOVEXP.IMF,SAU,2024,14.81503165642468,,
XGOVEXP.IMF,SDG: Central Asia,2023,20.79612922668457,UIS_EST,
XGOVEXP.IMF,SDG: Central Asia,2024,21.95535469055176,UIS_EST,
XGOVEXP.IMF,SDG: Central and Southern Asia,2023,16.44342803955078,UIS_EST,
XGOVEXP.IMF,SDG: Central and Southern Asia,2024,16.41856575012207,UIS_EST,
XGOVEXP.IMF,SDG: Eastern Asia,2023,12.37901020050049,UIS_EST,
XGOVEXP.IMF,SDG: Eastern Asia,2024,13.67651557922363,UIS_EST,
XGOVEXP.IMF,SDG: Eastern and South-Eastern Asia,2023,12.19669723510742,UIS_EST,
XGOVEXP.IMF,SDG: Eastern and South-Eastern Asia,2024,12.97605133056641,UIS_EST,
XGOVEXP.IMF,SDG: Landlocked Developing Countries,2023,15.83069038391113,UIS_EST,
XGOVEXP.IMF,SDG: Landlocked Developing Countries,2024,15.98237991333008,UIS_EST,
XGOVEXP.IMF,SDG: Latin America and the Caribbean,2023,12.93400955200195,UIS_EST,
XGOVEXP.IMF,SDG: Latin America and the Caribbean,2024,13.26925182342529,UIS_EST,
XGOVEXP.IMF,SDG: Least Developed Countries,2023,13.85877513885498,UIS_EST,
XGOVEXP.IMF,SDG: Least Developed Countries,2024,14.19097995758057,UIS_EST,
XGOVEXP.IMF,SDG: Oceania,2023,12.00624465942383,UIS_EST,
XGOVEXP.IMF,SDG: Oceania (excluding Australia and New Zealand),2023,11.35288429260254,UIS_EST,
XGOVEXP.IMF,SDG: Small Island Developing States,2023,12.60656547546387,UIS_EST,
XGOVEXP.IMF,SDG: Small Island Developing States,2024,12.86606216430664,UIS_EST,
XGOVEXP.IMF,SDG: South-Eastern Asia,2023,12.01438522338867,UIS_EST,
XGOVEXP.IMF,SDG: South-Eastern Asia,2024,11.44194984436035,UIS_EST,
XGOVEXP.IMF,SDG: South-Eastern Asia,2025,11.55124664306641,UIS_EST,
XGOVEXP.IMF,SDG: Southern Asia,2023,13.08261775970459,UIS_EST,
XGOVEXP.IMF,SDG: Southern Asia,2024,11.99301624298096,UIS_EST,
XGOVEXP.IMF,SDG: Sub-Saharan Africa,2023,15.02464008331299,UIS_EST,
XGOVEXP.IMF,SDG: Sub-Saharan Africa,2024,15.10347175598145,UIS_EST,
XGOVEXP.IMF,SDG: World,2023,12.6158504486084,UIS_EST,
XGOVEXP.IMF,SEN,2023,22.54717094722479,,
XGOVEXP.IMF,SEN,2025,20.91060086069378,,
XGOVEXP.IMF,SGP,2023,14.07042026519775,,
XGOVEXP.IMF,SGP,2024,12.86111523846083,,
XGOVEXP.IMF,SGP,2025,11.99345146262186,,
XGOVEXP.IMF,SLB,2023,23.19963245685154,,
XGOVEXP.IMF,SLB,2024,25.22878488543724,,
XGOVEXP.IMF,SLE,2024,19.95918997330075,,
XGOVEXP.IMF,SLE,2025,20.54637456589182,,
XGOVEXP.IMF,SLV,2023,10.44163990020752,,
XGOVEXP.IMF,SLV,2024,10.57559013366699,,
XGOVEXP.IMF,SLV,2025,15.89259639097215,,
XGOVEXP.IMF,SMR,2023,12.98976039886475,,
XGOVEXP.IMF,SOM,2023,3.591566981105978,,
XGOVEXP.IMF,SOM,2024,6.955547596212627,,
XGOVEXP.IMF,SOM,2025,8.126535843438019,,
XGOVEXP.IMF,SRB,2023,8.383540153503418,,
XGOVEXP.IMF,STP,2023,18.34500625165563,,
XGOVEXP.IMF,STP,2024,18.08669695163878,,
XGOVEXP.IMF,SUR,2023,7.536292151822169,,
XGOVEXP.IMF,SUR,2024,8.553004298996902,,
XGOVEXP.IMF,SWZ,2023,16.93638831213255,,
XGOVEXP.IMF,SWZ,2024,19.35419607602253,,
XGOVEXP.IMF,SWZ,2025,19.21187040536306,,
XGOVEXP.IMF,SXM,2023,23.04426925409339,,
XGOVEXP.IMF,SYC,2023,12.7399803021294,,
XGOVEXP.IMF,SYC,2024,13.14195809729167,,
XGOVEXP.IMF,SYC,2025,10.68572483002371,,
XGOVEXP.IMF,TCA,2023,9.317347232734035,,
XGOVEXP.IMF,TCA,2024,10.73425260585465,,
XGOVEXP.IMF,TCA,2025,9.811855133278705,,
XGOVEXP.IMF,TCD,2023,16.48435344243246,,
XGOVEXP.IMF,TGO,2023,14.82360413302916,,
XGOVEXP.IMF,TGO,2024,11.64543515210437,,
XGOVEXP.IMF,THA,2023,14.18629827315542,,
XGOVEXP.IMF,THA,2024,13.09098850574713,,
XGOVEXP.IMF,THA,2025,12.61708369973619,,
XGOVEXP.IMF,TJK,2023,17.22547497292963,,
XGOVEXP.IMF,TJK,2024,19.25516240406395,,
XGOVEXP.IMF,TKM,2023,19.32084083557129,,
XGOVEXP.IMF,TKM,2024,29.55587959289551,,
XGOVEXP.IMF,TLS,2024,6.275140230587752,,
XGOVEXP.IMF,TLS,2025,4.330967184613028,,
XGOVEXP.IMF,TON,2023,8.442249580302184,,
XGOVEXP.IMF,TON,2024,9.32964222353637,,
XGOVEXP.IMF,TTO,2023,9.826899528503418,,
XGOVEXP.IMF,TTO,2024,8.864385916237417,,
XGOVEXP.IMF,TTO,2025,12.57427897089101,,
XGOVEXP.IMF,TUN,2023,18.10789713042393,,
XGOVEXP.IMF,TUN,2024,17.80989549368782,,
XGOVEXP.IMF,TUN,2025,17.27852009092732,,
XGOVEXP.IMF,TUV,2023,11.3604097366333,,
XGOVEXP.IMF,TUV,2024,16.9789718325253,,
XGOVEXP.IMF,TUV,2025,16.79219400988117,,
XGOVEXP.IMF,TZA,2023,13.70423764362136,,
XGOVEXP.IMF,TZA,2024,13.40809811638705,,
XGOVEXP.IMF,URY,2023,15.60958003997803,,
XGOVEXP.IMF,UZB,2023,22.64815662659952,,
XGOVEXP.IMF,UZB,2024,22.07464503820453,,
XGOVEXP.IMF,VCT,2023,12.8554647399902,,
XGOVEXP.IMF,VCT,2024,12.62687748820431,,
XGOVEXP.IMF,VEN,2023,0.009460000321269,,
XGOVEXP.IMF,VEN,2024,10.25429208655959,,
XGOVEXP.IMF,VGB,2023,11.08530357499431,,
XGOVEXP.IMF,VGB,2024,10.86002798172683,,
XGOVEXP.IMF,VGB,2025,13.59118559776313,,
XGOVEXP.IMF,VUT,2023,18.3917293548584,,
XGOVEXP.IMF,VUT,2024,20.07949066162109,,
XGOVEXP.IMF,WB: East Asia & Pacific (excluding high income),2023,12.87827110290527,UIS_EST,
XGOVEXP.IMF,WB: East Asia & Pacific (excluding high income),2024,13.38375186920166,UIS_EST,
XGOVEXP.IMF,WB: Europe & Central Asia (excluding high income),2023,12.38928508758545,UIS_EST,
XGOVEXP.IMF,WB: Europe & Central Asia (excluding high income),2024,12.45109176635742,UIS_EST,
XGOVEXP.IMF,WB: Latin America & Caribbean (excluding high income),2023,14.10153388977051,UIS_EST,
XGOVEXP.IMF,WB: Latin America & Caribbean (excluding high income),2024,13.90787601470947,UIS_EST,
XGOVEXP.IMF,WB: Low & middle income (July 2025),2023,13.96695804595947,UIS_EST,
XGOVEXP.IMF,WB: Low & middle income (July 2025),2024,13.84879398345947,UIS_EST,
XGOVEXP.IMF,WB: Low income (July 2025),2023,15.83069038391113,UIS_EST,
XGOVEXP.IMF,WB: Lower middle income (July 2025),2023,13.85877513885498,UIS_EST,
XGOVEXP.IMF,WB: Lower middle income (July 2025),2024,14.15547466278076,UIS_EST,
XGOVEXP.IMF,WB: Middle income (July 2025),2023,13.56582355499268,UIS_EST,
XGOVEXP.IMF,WB: Middle income (July 2025),2024,13.7768497467041,UIS_EST,
XGOVEXP.IMF,WB: Sub-Saharan Africa (excluding high income),2023,15.31368446350098,UIS_EST,
XGOVEXP.IMF,WB: Sub-Saharan Africa (excluding high income),2024,15.24034118652344,UIS_EST,
XGOVEXP.IMF,WB: Upper middle income (July 2025),2023,12.89473724365234,UIS_EST,
XGOVEXP.IMF,WB: Upper middle income (July 2025),2024,13.48733997344971,UIS_EST,
XGOVEXP.IMF,WSM,2023,13.74215778569854,,
XGOVEXP.IMF,WSM,2024,12.87100790475802,,
XGOVEXP.IMF,WSM,2025,11.71449850788684,,
XGOVEXP.IMF,ZAF,2023,19.20800971984863,,
XGOVEXP.IMF,ZAF,2024,18.52065086364746,,
XGOVEXP.IMF,ZAF,2025,19.14130308992015,,
XGOVEXP.IMF,ZMB,2023,13.85877500801112,,
XGOVEXP.IMF,ZMB,2024,15.3772099653715,,
XGOVEXP.IMF,ZMB,2025,14.50599844151044,,
XGOVEXP.IMF,ZWE,2023,10.68896230055768,,
XGOVEXP.IMF,ZWE,2024,16.32033510430204,,
XGOVEXP.IMF,ZWE,2025,17.89884836304893,,
YEARS.FC.COMP.1T3,ABW,2023,11,,
YEARS.FC.COMP.1T3,AFG,2023,9,,
YEARS.FC.COMP.1T3,AFG,2024,9,,
YEARS.FC.COMP.1T3,AGO,2023,9,,
YEARS.FC.COMP.1T3,AGO,2024,9,,
YEARS.FC.COMP.1T3,AIA,2023,12,,
YEARS.FC.COMP.1T3,ALB,2023,9,,
YEARS.FC.COMP.1T3,ALB,2024,9,,
YEARS.FC.COMP.1T3,AND,2023,10,,
YEARS.FC.COMP.1T3,AND,2024,10,,
YEARS.FC.COMP.1T3,ARE,2023,12,,
YEARS.FC.COMP.1T3,ARG,2023,12,,
YEARS.FC.COMP.1T3,ARM,2023,12,,
YEARS.FC.COMP.1T3,ARM,2024,12,,
YEARS.FC.COMP.1T3,ATG,2023,11,,
YEARS.FC.COMP.1T3,AUS,2023,11,,
YEARS.FC.COMP.1T3,AUS,2024,11,,
YEARS.FC.COMP.1T3,AUT,2023,12,,
YEARS.FC.COMP.1T3,AZE,2023,9,,
YEARS.FC.COMP.1T3,AZE,2024,9,,
YEARS.FC.COMP.1T3,BDI,2023,0,,NIL
YEARS.FC.COMP.1T3,BEL,2023,12,,
YEARS.FC.COMP.1T3,BEN,2023,6,,
YEARS.FC.COMP.1T3,BFA,2023,10,,
YEARS.FC.COMP.1T3,BGD,2023,5,,
YEARS.FC.COMP.1T3,BGD,2024,5,,
YEARS.FC.COMP.1T3,BGR,2023,9,,
YEARS.FC.COMP.1T3,BHR,2023,9,,
YEARS.FC.COMP.1T3,BHS,2023,12,,
YEARS.FC.COMP.1T3,BIH,2023,9,,
YEARS.FC.COMP.1T3,BIH,2024,9,,
YEARS.FC.COMP.1T3,BLR,2023,11,,
YEARS.FC.COMP.1T3,BLR,2024,11,,
YEARS.FC.COMP.1T3,BLZ,2023,8,,
YEARS.FC.COMP.1T3,BMU,2023,13,,
YEARS.FC.COMP.1T3,BOL,2023,12,,
YEARS.FC.COMP.1T3,BOL,2024,12,,
YEARS.FC.COMP.1T3,BRA,2023,12,,
YEARS.FC.COMP.1T3,BRB,2023,11,,
YEARS.FC.COMP.1T3,BRN,2023,9,,
YEARS.FC.COMP.1T3,BRN,2024,9,,
YEARS.FC.COMP.1T3,BTN,2023,0,,NIL
YEARS.FC.COMP.1T3,BTN,2024,0,,NIL
YEARS.FC.COMP.1T3,BWA,2023,0,,NIL
YEARS.FC.COMP.1T3,CAF,2023,10,,
YEARS.FC.COMP.1T3,CAN,2023,10,,
YEARS.FC.COMP.1T3,CHE,2023,10,,
YEARS.FC.COMP.1T3,CHE,2024,10,,
YEARS.FC.COMP.1T3,CHL,2023,12,,
YEARS.FC.COMP.1T3,CHN,2023,9,,
YEARS.FC.COMP.1T3,CHN,2024,9,,
YEARS.FC.COMP.1T3,CIV,2023,10,,
YEARS.FC.COMP.1T3,CMR,2023,6,,
YEARS.FC.COMP.1T3,CMR,2024,6,,
YEARS.FC.COMP.1T3,COD,2023,6,,
YEARS.FC.COMP.1T3,COG,2023,10,,
YEARS.FC.COMP.1T3,COK,2023,12,,
YEARS.FC.COMP.1T3,COK,2024,12,,
YEARS.FC.COMP.1T3,COL,2023,11,,
YEARS.FC.COMP.1T3,COM,2023,6,,
YEARS.FC.COMP.1T3,CPV,2023,10,,
YEARS.FC.COMP.1T3,CRI,2023,11,,
YEARS.FC.COMP.1T3,CUB,2023,9,,
YEARS.FC.COMP.1T3,CUW,2023,12,,
YEARS.FC.COMP.1T3,CUW,2024,12,,
YEARS.FC.COMP.1T3,CYM,2023,11,,
YEARS.FC.COMP.1T3,CYP,2023,9,,
YEARS.FC.COMP.1T3,CZE,2023,9,,
YEARS.FC.COMP.1T3,DEU,2023,13,,
YEARS.FC.COMP.1T3,DJI,2023,10,,
YEARS.FC.COMP.1T3,DMA,2023,12,,
YEARS.FC.COMP.1T3,DMA,2024,12,,
YEARS.FC.COMP.1T3,DNK,2023,10,,
YEARS.FC.COMP.1T3,DOM,2023,12,,
YEARS.FC.COMP.1T3,DZA,2023,10,,
YEARS.FC.COMP.1T3,ECU,2023,12,,
YEARS.FC.COMP.1T3,ECU,2024,12,,
YEARS.FC.COMP.1T3,EGY,2023,12,,
YEARS.FC.COMP.1T3,ERI,2023,8,,
YEARS.FC.COMP.1T3,ESP,2023,10,,
YEARS.FC.COMP.1T3,ESP,2024,10,,
YEARS.FC.COMP.1T3,EST,2023,9,,
YEARS.FC.COMP.1T3,ETH,2023,8,,
YEARS.FC.COMP.1T3,FIN,2023,11,,
YEARS.FC.COMP.1T3,FIN,2024,11,,
YEARS.FC.COMP.1T3,FJI,2023,0,,NIL
YEARS.FC.COMP.1T3,FJI,2024,0,,NIL
YEARS.FC.COMP.1T3,FRA,2023,10,,
YEARS.FC.COMP.1T3,FSM,2023,8,,
YEARS.FC.COMP.1T3,FSM,2024,8,,
YEARS.FC.COMP.1T3,GAB,2023,10,,
YEARS.FC.COMP.1T3,GBR,2023,11,,
YEARS.FC.COMP.1T3,GEO,2023,9,,
YEARS.FC.COMP.1T3,GEO,2024,9,,
YEARS.FC.COMP.1T3,GHA,2023,9,,
YEARS.FC.COMP.1T3,GIB,2023,12,,
YEARS.FC.COMP.1T3,GIB,2024,12,,
YEARS.FC.COMP.1T3,GIN,2023,6,,
YEARS.FC.COMP.1T3,GMB,2023,9,,
YEARS.FC.COMP.1T3,GMB,2024,9,,
YEARS.FC.COMP.1T3,GNB,2023,9,,
YEARS.FC.COMP.1T3,GNQ,2023,6,,
YEARS.FC.COMP.1T3,GRC,2023,9,,
YEARS.FC.COMP.1T3,GRD,2023,12,,
YEARS.FC.COMP.1T3,GRD,2024,12,,
YEARS.FC.COMP.1T3,GTM,2023,9,,
YEARS.FC.COMP.1T3,GTM,2024,9,,
YEARS.FC.COMP.1T3,GUY,2023,6,,
YEARS.FC.COMP.1T3,HKG,2023,9,,
YEARS.FC.COMP.1T3,HKG,2024,9,,
YEARS.FC.COMP.1T3,HND,2023,11,,
YEARS.FC.COMP.1T3,HRV,2023,8,,
YEARS.FC.COMP.1T3,HRV,2024,8,,
YEARS.FC.COMP.1T3,HTI,2023,6,,
YEARS.FC.COMP.1T3,HUN,2023,10,,
YEARS.FC.COMP.1T3,IDN,2023,9,,
YEARS.FC.COMP.1T3,IDN,2024,9,,
YEARS.FC.COMP.1T3,IND,2023,8,,
YEARS.FC.COMP.1T3,IND,2024,8,,
YEARS.FC.COMP.1T3,IRL,2023,10,,
YEARS.FC.COMP.1T3,IRN,2023,9,,
YEARS.FC.COMP.1T3,IRN,2024,9,,
YEARS.FC.COMP.1T3,IRQ,2023,6,,
YEARS.FC.COMP.1T3,ISL,2023,10,,
YEARS.FC.COMP.1T3,ISR,2023,12,,
YEARS.FC.COMP.1T3,ITA,2023,12,,
YEARS.FC.COMP.1T3,ITA,2024,12,,
YEARS.FC.COMP.1T3,JAM,2023,6,,
YEARS.FC.COMP.1T3,JOR,2023,10,,
YEARS.FC.COMP.1T3,JPN,2023,9,,
YEARS.FC.COMP.1T3,JPN,2024,9,,
YEARS.FC.COMP.1T3,KAZ,2023,9,,
YEARS.FC.COMP.1T3,KAZ,2024,9,,
YEARS.FC.COMP.1T3,KEN,2023,12,,
YEARS.FC.COMP.1T3,KGZ,2023,9,,
YEARS.FC.COMP.1T3,KGZ,2024,9,,
YEARS.FC.COMP.1T3,KHM,2023,0,,NIL
YEARS.FC.COMP.1T3,KHM,2024,0,,NIL
YEARS.FC.COMP.1T3,KIR,2023,9,,
YEARS.FC.COMP.1T3,KIR,2024,9,,
YEARS.FC.COMP.1T3,KNA,2023,12,,
YEARS.FC.COMP.1T3,KNA,2024,12,,
YEARS.FC.COMP.1T3,KOR,2023,9,,
YEARS.FC.COMP.1T3,KOR,2024,9,,
YEARS.FC.COMP.1T3,KWT,2023,9,,
YEARS.FC.COMP.1T3,LAO,2023,9,,
YEARS.FC.COMP.1T3,LAO,2024,9,,
YEARS.FC.COMP.1T3,LBN,2023,10,,
YEARS.FC.COMP.1T3,LBR,2023,6,,
YEARS.FC.COMP.1T3,LBY,2023,9,,
YEARS.FC.COMP.1T3,LCA,2023,10,,
YEARS.FC.COMP.1T3,LIE,2023,10,,
YEARS.FC.COMP.1T3,LKA,2023,11,,
YEARS.FC.COMP.1T3,LKA,2024,11,,
YEARS.FC.COMP.1T3,LSO,2023,7,,
YEARS.FC.COMP.1T3,LTU,2023,10,,
YEARS.FC.COMP.1T3,LUX,2023,10,,
YEARS.FC.COMP.1T3,LVA,2023,9,,
YEARS.FC.COMP.1T3,MAC,2023,9,,
YEARS.FC.COMP.1T3,MAC,2024,9,,
YEARS.FC.COMP.1T3,MAR,2023,9,,
YEARS.FC.COMP.1T3,MCO,2023,11,,
YEARS.FC.COMP.1T3,MCO,2024,11,,
YEARS.FC.COMP.1T3,MDA,2023,9,,
YEARS.FC.COMP.1T3,MDA,2024,9,,
YEARS.FC.COMP.1T3,MDG,2023,5,,
YEARS.FC.COMP.1T3,MDV,2023,10,,
YEARS.FC.COMP.1T3,MDV,2024,10,,
YEARS.FC.COMP.1T3,MEX,2023,12,,
YEARS.FC.COMP.1T3,MHL,2023,12,,
YEARS.FC.COMP.1T3,MHL,2024,12,,
YEARS.FC.COMP.1T3,MKD,2023,13,,
YEARS.FC.COMP.1T3,MLI,2023,9,,
YEARS.FC.COMP.1T3,MLT,2023,11,,
YEARS.FC.COMP.1T3,MMR,2023,5,,
YEARS.FC.COMP.1T3,MMR,2024,5,,
YEARS.FC.COMP.1T3,MNE,2023,9,,
YEARS.FC.COMP.1T3,MNG,2023,12,,
YEARS.FC.COMP.1T3,MNG,2024,12,,
YEARS.FC.COMP.1T3,MOZ,2023,0,,NIL
YEARS.FC.COMP.1T3,MRT,2023,9,,
YEARS.FC.COMP.1T3,MSR,2023,12,,
YEARS.FC.COMP.1T3,MSR,2024,12,,
YEARS.FC.COMP.1T3,MTQ,2023,0,,NIL
YEARS.FC.COMP.1T3,MUS,2023,12,,
YEARS.FC.COMP.1T3,MUS,2024,12,,
YEARS.FC.COMP.1T3,MWI,2023,8,,
YEARS.FC.COMP.1T3,MYS,2023,6,,
YEARS.FC.COMP.1T3,MYS,2024,6,,
YEARS.FC.COMP.1T3,NAM,2023,7,,
YEARS.FC.COMP.1T3,NCL,2023,0,,NIL
YEARS.FC.COMP.1T3,NER,2023,0,,NIL
YEARS.FC.COMP.1T3,NGA,2023,9,,
YEARS.FC.COMP.1T3,NIC,2023,6,,
YEARS.FC.COMP.1T3,NIU,2023,11,,
YEARS.FC.COMP.1T3,NIU,2024,11,,
YEARS.FC.COMP.1T3,NLD,2023,12,,
YEARS.FC.COMP.1T3,NOR,2023,10,,
YEARS.FC.COMP.1T3,NPL,2023,8,,
YEARS.FC.COMP.1T3,NPL,2024,8,,
YEARS.FC.COMP.1T3,NRU,2023,12,,
YEARS.FC.COMP.1T3,NRU,2024,12,,
YEARS.FC.COMP.1T3,NZL,2023,10,,
YEARS.FC.COMP.1T3,OMN,2023,10,,
YEARS.FC.COMP.1T3,PAK,2023,12,,
YEARS.FC.COMP.1T3,PAK,2024,12,,
YEARS.FC.COMP.1T3,PAN,2023,9,,
YEARS.FC.COMP.1T3,PER,2023,11,,
YEARS.FC.COMP.1T3,PHL,2023,12,,
YEARS.FC.COMP.1T3,PHL,2024,12,,
YEARS.FC.COMP.1T3,PLW,2023,12,,
YEARS.FC.COMP.1T3,PLW,2024,12,,
YEARS.FC.COMP.1T3,PNG,2023,0,,NIL
YEARS.FC.COMP.1T3,PNG,2024,0,,NIL
YEARS.FC.COMP.1T3,POL,2023,8,,
YEARS.FC.COMP.1T3,PRI,2023,12,,
YEARS.FC.COMP.1T3,PRK,2023,11,,
YEARS.FC.COMP.1T3,PRK,2024,11,,
YEARS.FC.COMP.1T3,PRT,2023,12,,
YEARS.FC.COMP.1T3,PRY,2023,12,,
YEARS.FC.COMP.1T3,PRY,2024,12,,
YEARS.FC.COMP.1T3,PSE,2023,10,,
YEARS.FC.COMP.1T3,QAT,2023,12,,
YEARS.FC.COMP.1T3,REU,2023,0,,NIL
YEARS.FC.COMP.1T3,ROU,2023,10,,
YEARS.FC.COMP.1T3,RUS,2023,11,,
YEARS.FC.COMP.1T3,RWA,2023,6,,
YEARS.FC.COMP.1T3,RWA,2024,6,,
YEARS.FC.COMP.1T3,SAU,2023,9,,
YEARS.FC.COMP.1T3,SDN,2023,8,,
YEARS.FC.COMP.1T3,SEN,2023,11,,
YEARS.FC.COMP.1T3,SGP,2023,6,,
YEARS.FC.COMP.1T3,SGP,2024,6,,
YEARS.FC.COMP.1T3,SHN,2023,0,,NIL
YEARS.FC.COMP.1T3,SLB,2023,0,,NIL
YEARS.FC.COMP.1T3,SLB,2024,0,,NIL
YEARS.FC.COMP.1T3,SLE,2023,9,,
YEARS.FC.COMP.1T3,SLV,2023,9,,
YEARS.FC.COMP.1T3,SMR,2023,10,,
YEARS.FC.COMP.1T3,SMR,2024,10,,
YEARS.FC.COMP.1T3,SOM,2023,8,,
YEARS.FC.COMP.1T3,SRB,2023,8,,
YEARS.FC.COMP.1T3,SSD,2023,8,,
YEARS.FC.COMP.1T3,SSD,2024,8,,
YEARS.FC.COMP.1T3,STP,2023,6,,
YEARS.FC.COMP.1T3,STP,2024,6,,
YEARS.FC.COMP.1T3,SUR,2023,6,,
YEARS.FC.COMP.1T3,SUR,2024,6,,
YEARS.FC.COMP.1T3,SVK,2023,10,,
YEARS.FC.COMP.1T3,SVN,2023,9,,
YEARS.FC.COMP.1T3,SWE,2023,9,,
YEARS.FC.COMP.1T3,SWZ,2023,7,,
YEARS.FC.COMP.1T3,SXM,2023,11,,
YEARS.FC.COMP.1T3,SYC,2023,11,,
YEARS.FC.COMP.1T3,SYC,2024,11,,
YEARS.FC.COMP.1T3,SYR,2023,9,,
YEARS.FC.COMP.1T3,TCA,2023,11,,
YEARS.FC.COMP.1T3,TCD,2023,10,,
YEARS.FC.COMP.1T3,TGO,2023,10,,
YEARS.FC.COMP.1T3,THA,2023,9,,
YEARS.FC.COMP.1T3,THA,2024,9,,
YEARS.FC.COMP.1T3,TJK,2023,9,,
YEARS.FC.COMP.1T3,TJK,2024,9,,
YEARS.FC.COMP.1T3,TKL,2023,11,,
YEARS.FC.COMP.1T3,TKL,2024,11,,
YEARS.FC.COMP.1T3,TKM,2023,12,,
YEARS.FC.COMP.1T3,TKM,2024,12,,
YEARS.FC.COMP.1T3,TLS,2023,9,,
YEARS.FC.COMP.1T3,TLS,2024,9,,
YEARS.FC.COMP.1T3,TON,2023,13,,
YEARS.FC.COMP.1T3,TTO,2023,7,,
YEARS.FC.COMP.1T3,TTO,2024,7,,
YEARS.FC.COMP.1T3,TUN,2023,9,,
YEARS.FC.COMP.1T3,TUR,2023,12,,
YEARS.FC.COMP.1T3,TUV,2023,9,,
YEARS.FC.COMP.1T3,TUV,2024,9,,
YEARS.FC.COMP.1T3,TZA,2023,7,,
YEARS.FC.COMP.1T3,TZA,2024,7,,
YEARS.FC.COMP.1T3,UGA,2023,7,,
YEARS.FC.COMP.1T3,UKR,2023,11,,
YEARS.FC.COMP.1T3,UKR,2024,11,,
YEARS.FC.COMP.1T3,URY,2023,12,,
YEARS.FC.COMP.1T3,USA,2023,12,,
YEARS.FC.COMP.1T3,USA,2024,12,,
YEARS.FC.COMP.1T3,UZB,2023,12,,
YEARS.FC.COMP.1T3,UZB,2024,11,,
YEARS.FC.COMP.1T3,VCT,2023,12,,
YEARS.FC.COMP.1T3,VEN,2023,11,,
YEARS.FC.COMP.1T3,VEN,2024,11,,
YEARS.FC.COMP.1T3,VGB,2023,12,,
YEARS.FC.COMP.1T3,VGB,2024,12,,
YEARS.FC.COMP.1T3,VNM,2023,9,,
YEARS.FC.COMP.1T3,VNM,2024,9,,
YEARS.FC.COMP.1T3,VUT,2023,0,,NIL
YEARS.FC.COMP.1T3,VUT,2024,0,,NIL
YEARS.FC.COMP.1T3,WSM,2023,8,,
YEARS.FC.COMP.1T3,WSM,2024,8,,
YEARS.FC.COMP.1T3,YEM,2023,9,,
YEARS.FC.COMP.1T3,ZAF,2023,9,,
YEARS.FC.COMP.1T3,ZAF,2024,9,,
YEARS.FC.COMP.1T3,ZMB,2023,7,,
YEARS.FC.COMP.1T3,ZMB,2024,7,,
YEARS.FC.COMP.1T3,ZWE,2023,7,,
YEARS.FC.FREE.1T3,ABW,2023,11,,
YEARS.FC.FREE.1T3,AFG,2023,12,,
YEARS.FC.FREE.1T3,AFG,2024,12,,
YEARS.FC.FREE.1T3,AGO,2023,9,,
YEARS.FC.FREE.1T3,AGO,2024,9,,
YEARS.FC.FREE.1T3,AIA,2023,12,,
YEARS.FC.FREE.1T3,ALB,2023,12,,
YEARS.FC.FREE.1T3,ALB,2024,12,,
YEARS.FC.FREE.1T3,AND,2023,10,,
YEARS.FC.FREE.1T3,AND,2024,10,,
YEARS.FC.FREE.1T3,ARE,2023,12,,
YEARS.FC.FREE.1T3,ARG,2023,12,,
YEARS.FC.FREE.1T3,ARM,2023,12,,
YEARS.FC.FREE.1T3,ARM,2024,12,,
YEARS.FC.FREE.1T3,ATG,2023,11,,
YEARS.FC.FREE.1T3,AUS,2023,13,,
YEARS.FC.FREE.1T3,AUS,2024,13,,
YEARS.FC.FREE.1T3,AUT,2023,12,,
YEARS.FC.FREE.1T3,AZE,2023,11,,
YEARS.FC.FREE.1T3,AZE,2024,11,,
YEARS.FC.FREE.1T3,BEL,2023,12,,
YEARS.FC.FREE.1T3,BEN,2023,6,,
YEARS.FC.FREE.1T3,BFA,2023,10,,
YEARS.FC.FREE.1T3,BGD,2023,5,,
YEARS.FC.FREE.1T3,BGD,2024,5,,
YEARS.FC.FREE.1T3,BGR,2023,12,,
YEARS.FC.FREE.1T3,BHR,2023,12,,
YEARS.FC.FREE.1T3,BHS,2023,12,,
YEARS.FC.FREE.1T3,BIH,2023,9,,
YEARS.FC.FREE.1T3,BIH,2024,9,,
YEARS.FC.FREE.1T3,BLR,2023,11,,
YEARS.FC.FREE.1T3,BLR,2024,11,,
YEARS.FC.FREE.1T3,BLZ,2023,8,,
YEARS.FC.FREE.1T3,BMU,2023,13,,
YEARS.FC.FREE.1T3,BOL,2023,12,,
YEARS.FC.FREE.1T3,BOL,2024,12,,
YEARS.FC.FREE.1T3,BRA,2023,12,,
YEARS.FC.FREE.1T3,BRB,2023,11,,
YEARS.FC.FREE.1T3,BTN,2023,11,,
YEARS.FC.FREE.1T3,BTN,2024,11,,
YEARS.FC.FREE.1T3,CAF,2023,13,,
YEARS.FC.FREE.1T3,CAN,2023,12,,
YEARS.FC.FREE.1T3,CHE,2023,13,,
YEARS.FC.FREE.1T3,CHE,2024,13,,
YEARS.FC.FREE.1T3,CHL,2023,12,,
YEARS.FC.FREE.1T3,CHN,2023,9,,
YEARS.FC.FREE.1T3,CHN,2024,9,,
YEARS.FC.FREE.1T3,CIV,2023,10,,
YEARS.FC.FREE.1T3,CMR,2023,6,,
YEARS.FC.FREE.1T3,CMR,2024,6,,
YEARS.FC.FREE.1T3,COD,2023,6,,
YEARS.FC.FREE.1T3,COG,2023,13,,
YEARS.FC.FREE.1T3,COK,2023,13,,
YEARS.FC.FREE.1T3,COK,2024,13,,
YEARS.FC.FREE.1T3,COL,2023,11,,
YEARS.FC.FREE.1T3,COM,2023,6,,
YEARS.FC.FREE.1T3,CPV,2023,8,,
YEARS.FC.FREE.1T3,CRI,2023,11,,
YEARS.FC.FREE.1T3,CUB,2023,12,,
YEARS.FC.FREE.1T3,CYM,2023,12,,
YEARS.FC.FREE.1T3,CYP,2023,12,,
YEARS.FC.FREE.1T3,CZE,2023,13,,
YEARS.FC.FREE.1T3,DEU,2023,13,,
YEARS.FC.FREE.1T3,DJI,2023,12,,
YEARS.FC.FREE.1T3,DMA,2023,12,,
YEARS.FC.FREE.1T3,DMA,2024,12,,
YEARS.FC.FREE.1T3,DNK,2023,10,,
YEARS.FC.FREE.1T3,DOM,2023,12,,
YEARS.FC.FREE.1T3,DZA,2023,12,,
YEARS.FC.FREE.1T3,ECU,2023,12,,
YEARS.FC.FREE.1T3,ECU,2024,12,,
YEARS.FC.FREE.1T3,EGY,2023,12,,
YEARS.FC.FREE.1T3,ERI,2023,8,,
YEARS.FC.FREE.1T3,ESP,2023,10,,
YEARS.FC.FREE.1T3,ESP,2024,10,,
YEARS.FC.FREE.1T3,EST,2023,12,,
YEARS.FC.FREE.1T3,ETH,2023,8,,
YEARS.FC.FREE.1T3,FIN,2023,12,,
YEARS.FC.FREE.1T3,FIN,2024,12,,
YEARS.FC.FREE.1T3,FRA,2023,12,,
YEARS.FC.FREE.1T3,FSM,2023,8,,
YEARS.FC.FREE.1T3,FSM,2024,8,,
YEARS.FC.FREE.1T3,GAB,2023,10,,
YEARS.FC.FREE.1T3,GBR,2023,13,,
YEARS.FC.FREE.1T3,GEO,2023,12,,
YEARS.FC.FREE.1T3,GEO,2024,12,,
YEARS.FC.FREE.1T3,GHA,2023,9,,
YEARS.FC.FREE.1T3,GIB,2023,13,,
YEARS.FC.FREE.1T3,GIB,2024,13,,
YEARS.FC.FREE.1T3,GIN,2023,6,,
YEARS.FC.FREE.1T3,GMB,2023,9,,
YEARS.FC.FREE.1T3,GMB,2024,9,,
YEARS.FC.FREE.1T3,GNQ,2023,6,,
YEARS.FC.FREE.1T3,GRC,2023,12,,
YEARS.FC.FREE.1T3,GRD,2023,12,,
YEARS.FC.FREE.1T3,GRD,2024,12,,
YEARS.FC.FREE.1T3,GTM,2023,12,,
YEARS.FC.FREE.1T3,GTM,2024,12,,
YEARS.FC.FREE.1T3,GUY,2023,6,,
YEARS.FC.FREE.1T3,HKG,2023,12,,
YEARS.FC.FREE.1T3,HKG,2024,12,,
YEARS.FC.FREE.1T3,HND,2023,11,,
YEARS.FC.FREE.1T3,HRV,2023,8,,
YEARS.FC.FREE.1T3,HRV,2024,8,,
YEARS.FC.FREE.1T3,HTI,2023,6,,
YEARS.FC.FREE.1T3,HUN,2023,12,,
YEARS.FC.FREE.1T3,IDN,2023,12,,
YEARS.FC.FREE.1T3,IDN,2024,12,,
YEARS.FC.FREE.1T3,IND,2023,8,,
YEARS.FC.FREE.1T3,IND,2024,8,,
YEARS.FC.FREE.1T3,IRL,2023,10,,
YEARS.FC.FREE.1T3,IRN,2023,9,,
YEARS.FC.FREE.1T3,IRN,2024,9,,
YEARS.FC.FREE.1T3,IRQ,2023,12,,
YEARS.FC.FREE.1T3,ISL,2023,10,,
YEARS.FC.FREE.1T3,ISR,2023,12,,
YEARS.FC.FREE.1T3,ITA,2023,8,,
YEARS.FC.FREE.1T3,ITA,2024,8,,
YEARS.FC.FREE.1T3,JAM,2023,6,,
YEARS.FC.FREE.1T3,JOR,2023,12,,
YEARS.FC.FREE.1T3,JPN,2023,9,,
YEARS.FC.FREE.1T3,JPN,2024,9,,
YEARS.FC.FREE.1T3,KAZ,2023,11,,
YEARS.FC.FREE.1T3,KAZ,2024,11,,
YEARS.FC.FREE.1T3,KEN,2023,12,,
YEARS.FC.FREE.1T3,KGZ,2023,11,,
YEARS.FC.FREE.1T3,KGZ,2024,11,,
YEARS.FC.FREE.1T3,KHM,2023,9,,
YEARS.FC.FREE.1T3,KHM,2024,9,,
YEARS.FC.FREE.1T3,KIR,2023,9,,
YEARS.FC.FREE.1T3,KIR,2024,9,,
YEARS.FC.FREE.1T3,KNA,2023,12,,
YEARS.FC.FREE.1T3,KNA,2024,12,,
YEARS.FC.FREE.1T3,KOR,2023,12,,
YEARS.FC.FREE.1T3,KOR,2024,12,,
YEARS.FC.FREE.1T3,KWT,2023,12,,
YEARS.FC.FREE.1T3,LAO,2023,9,,
YEARS.FC.FREE.1T3,LAO,2024,9,,
YEARS.FC.FREE.1T3,LBN,2023,9,,
YEARS.FC.FREE.1T3,LBR,2023,6,,
YEARS.FC.FREE.1T3,LBY,2023,12,,
YEARS.FC.FREE.1T3,LCA,2023,10,,
YEARS.FC.FREE.1T3,LIE,2023,13,,
YEARS.FC.FREE.1T3,LKA,2023,13,,
YEARS.FC.FREE.1T3,LKA,2024,13,,
YEARS.FC.FREE.1T3,LSO,2023,7,,
YEARS.FC.FREE.1T3,LTU,2023,12,,
YEARS.FC.FREE.1T3,LUX,2023,13,,
YEARS.FC.FREE.1T3,LVA,2023,12,,
YEARS.FC.FREE.1T3,MAC,2023,12,,
YEARS.FC.FREE.1T3,MAC,2024,12,,
YEARS.FC.FREE.1T3,MAR,2023,9,,
YEARS.FC.FREE.1T3,MCO,2023,12,,
YEARS.FC.FREE.1T3,MCO,2024,12,,
YEARS.FC.FREE.1T3,MDA,2023,12,,
YEARS.FC.FREE.1T3,MDA,2024,12,,
YEARS.FC.FREE.1T3,MDG,2023,12,,
YEARS.FC.FREE.1T3,MDV,2023,12,,
YEARS.FC.FREE.1T3,MDV,2024,12,,
YEARS.FC.FREE.1T3,MEX,2023,12,,
YEARS.FC.FREE.1T3,MHL,2023,12,,
YEARS.FC.FREE.1T3,MHL,2024,12,,
YEARS.FC.FREE.1T3,MKD,2023,13,,
YEARS.FC.FREE.1T3,MLI,2023,12,,
YEARS.FC.FREE.1T3,MLT,2023,13,,
YEARS.FC.FREE.1T3,MMR,2023,5,,
YEARS.FC.FREE.1T3,MMR,2024,5,,
YEARS.FC.FREE.1T3,MNE,2023,13,,
YEARS.FC.FREE.1T3,MNG,2023,12,,
YEARS.FC.FREE.1T3,MNG,2024,12,,
YEARS.FC.FREE.1T3,MRT,2023,13,,
YEARS.FC.FREE.1T3,MSR,2023,12,,
YEARS.FC.FREE.1T3,MSR,2024,12,,
YEARS.FC.FREE.1T3,MUS,2023,13,,
YEARS.FC.FREE.1T3,MUS,2024,13,,
YEARS.FC.FREE.1T3,MWI,2023,8,,
YEARS.FC.FREE.1T3,MYS,2023,11,,
YEARS.FC.FREE.1T3,MYS,2024,11,,
YEARS.FC.FREE.1T3,NAM,2023,7,,
YEARS.FC.FREE.1T3,NGA,2023,9,,
YEARS.FC.FREE.1T3,NIC,2023,11,,
YEARS.FC.FREE.1T3,NIU,2023,12,,
YEARS.FC.FREE.1T3,NIU,2024,12,,
YEARS.FC.FREE.1T3,NLD,2023,12,,
YEARS.FC.FREE.1T3,NOR,2023,10,,
YEARS.FC.FREE.1T3,NOR,2024,10,,
YEARS.FC.FREE.1T3,NPL,2023,12,,
YEARS.FC.FREE.1T3,NPL,2024,12,,
YEARS.FC.FREE.1T3,NRU,2023,12,,
YEARS.FC.FREE.1T3,NRU,2024,12,,
YEARS.FC.FREE.1T3,NZL,2023,13,,
YEARS.FC.FREE.1T3,NZL,2024,13,,
YEARS.FC.FREE.1T3,OMN,2023,12,,
YEARS.FC.FREE.1T3,PAK,2023,12,,
YEARS.FC.FREE.1T3,PAK,2024,12,,
YEARS.FC.FREE.1T3,PAN,2023,12,,
YEARS.FC.FREE.1T3,PER,2023,11,,
YEARS.FC.FREE.1T3,PER,2024,11,,
YEARS.FC.FREE.1T3,PHL,2023,12,,
YEARS.FC.FREE.1T3,PHL,2024,12,,
YEARS.FC.FREE.1T3,PLW,2023,12,,
YEARS.FC.FREE.1T3,PLW,2024,12,,
YEARS.FC.FREE.1T3,POL,2023,12,,
YEARS.FC.FREE.1T3,PRI,2023,12,,
YEARS.FC.FREE.1T3,PRK,2023,11,,
YEARS.FC.FREE.1T3,PRK,2024,11,,
YEARS.FC.FREE.1T3,PRT,2023,12,,
YEARS.FC.FREE.1T3,PRY,2023,12,,
YEARS.FC.FREE.1T3,PRY,2024,12,,
YEARS.FC.FREE.1T3,PSE,2023,12,,
YEARS.FC.FREE.1T3,QAT,2023,12,,
YEARS.FC.FREE.1T3,ROU,2023,13,,
YEARS.FC.FREE.1T3,RUS,2023,11,,
YEARS.FC.FREE.1T3,RWA,2023,9,,
YEARS.FC.FREE.1T3,RWA,2024,9,,
YEARS.FC.FREE.1T3,SAU,2023,12,,
YEARS.FC.FREE.1T3,SDN,2023,11,,
YEARS.FC.FREE.1T3,SEN,2023,10,,
YEARS.FC.FREE.1T3,SLE,2023,9,,
YEARS.FC.FREE.1T3,SLV,2023,12,,
YEARS.FC.FREE.1T3,SMR,2023,13,,
YEARS.FC.FREE.1T3,SMR,2024,13,,
YEARS.FC.FREE.1T3,SRB,2023,12,,
YEARS.FC.FREE.1T3,SSD,2023,8,,
YEARS.FC.FREE.1T3,SSD,2024,8,,
YEARS.FC.FREE.1T3,STP,2023,6,,
YEARS.FC.FREE.1T3,STP,2024,6,,
YEARS.FC.FREE.1T3,SVK,2023,13,,
YEARS.FC.FREE.1T3,SVN,2023,13,,
YEARS.FC.FREE.1T3,SWE,2023,12,,
YEARS.FC.FREE.1T3,SWZ,2023,7,,
YEARS.FC.FREE.1T3,SXM,2023,11,,
YEARS.FC.FREE.1T3,SYC,2023,11,,
YEARS.FC.FREE.1T3,SYC,2024,11,,
YEARS.FC.FREE.1T3,SYR,2023,12,,
YEARS.FC.FREE.1T3,TCA,2023,11,,
YEARS.FC.FREE.1T3,TCD,2023,10,,
YEARS.FC.FREE.1T3,TGO,2023,5,,
YEARS.FC.FREE.1T3,THA,2023,12,,
YEARS.FC.FREE.1T3,THA,2024,12,,
YEARS.FC.FREE.1T3,TJK,2023,11,,
YEARS.FC.FREE.1T3,TJK,2024,11,,
YEARS.FC.FREE.1T3,TKM,2023,12,,
YEARS.FC.FREE.1T3,TKM,2024,12,,
YEARS.FC.FREE.1T3,TLS,2023,9,,
YEARS.FC.FREE.1T3,TLS,2024,9,,
YEARS.FC.FREE.1T3,TON,2023,8,,
YEARS.FC.FREE.1T3,TUN,2023,11,,
YEARS.FC.FREE.1T3,TUR,2023,12,,
YEARS.FC.FREE.1T3,TUV,2024,13,,
YEARS.FC.FREE.1T3,TZA,2023,13,,
YEARS.FC.FREE.1T3,TZA,2024,13,,
YEARS.FC.FREE.1T3,UKR,2023,11,,
YEARS.FC.FREE.1T3,UKR,2024,11,,
YEARS.FC.FREE.1T3,URY,2023,12,,
YEARS.FC.FREE.1T3,USA,2023,12,,
YEARS.FC.FREE.1T3,USA,2024,12,,
YEARS.FC.FREE.1T3,UZB,2023,12,,
YEARS.FC.FREE.1T3,UZB,2024,13,,
YEARS.FC.FREE.1T3,VCT,2023,12,,
YEARS.FC.FREE.1T3,VEN,2023,11,,
YEARS.FC.FREE.1T3,VEN,2024,11,,
YEARS.FC.FREE.1T3,VGB,2023,12,,
YEARS.FC.FREE.1T3,VGB,2024,12,,
YEARS.FC.FREE.1T3,VNM,2023,5,,
YEARS.FC.FREE.1T3,VNM,2024,5,,
YEARS.FC.FREE.1T3,WSM,2023,8,,
YEARS.FC.FREE.1T3,WSM,2024,8,,
YEARS.FC.FREE.1T3,YEM,2023,9,,
YEARS.FC.FREE.1T3,ZAF,2023,12,,
YEARS.FC.FREE.1T3,ZAF,2024,12,,
YEARS.FC.FREE.1T3,ZMB,2023,7,,
YEARS.FC.FREE.1T3,ZMB,2024,7,,